1,あいそう
3,あいだがら
4,あいつぐ
5,あいま
6,あえて
7,あおぐ
8,あか
9,あかし
10,あかじ
11,あかす
12,あからむ
13,あがり
14,あきらめ
15,あく
16,アクセル
17,あくどい
18,あご
19,あこがれ
20,あさ
21,あざ
22,あさましい
23,あざむく
24,あざやか
25,あざわらう
26,あしからず
27,あじわい
28,あせる
29,あせる
30,あたい
31,あたいする
32,あたり
33,あっか
34,あつかい
35,あっけない
36,あっさり
37,あっせん
38,あっとう
39,あっぱく
40,アップ
41,あつらえる
42,あつりょく
43,あて
44,あて
45,あてじ
46,あてる
47,あとつぎ
48,あとまわし
49,あぶらえ
50,アプローチ
51,あべこべ
52,あまえる
53,あまぐ
54,あまくち
55,アマチュア
56,あみ
57,あやつる
58,あやぶむ
59,あやふや
60,あやまち
61,あやまる
62,あゆみ
63,あゆむ
64,あらかじめ
65,あらす
66,あらそい
67,あらたまる
68,あらっぽい
69,アラブ
70,あられ
71,ありさま
72,ありのまま
73,ありふれる
74,アルカリ
75,アルミ
76,あわす
77,あわせ
78,アンケート
79,アンコール
80,あんさつ
81,あんざん
82,あんじ
83,あんじる
84,あんせい
85,あんのじょう
86,い
87,い
88,いいかげん
89,いいわけ
90,いいん
91,いえで
92,いかす
93,いかに
94,いかにも
95,いかり
96,いき
97,いぎ
98,いきがい
99,いきごむ
100,いきちがい
101,いくせい
102,いくた
103,いける
104,いけん
105,いこう
106,いこう
107,いざ
108,いじ
109,いじゅう
110,いしょう
111,いじる
112,いせい
113,いせき
114,いぜん
115,いぞん
116,いたく
117,いただき
118,いたって
119,いためる
120,いためる
121,いたわる
122,いち
123,いち
124,いちがいに
125,いちじるしい
126,いちどう
127,いちぶぶん
128,いちめん
129,いちもく
130,いちよう
131,いちりつ
132,いちれん
133,いっかつ
134,いっき
135,いっきょに
136,いっけん
137,いっさい
138,いっしん
139,いっそ
140,いったい
141,いっぺん
142,いと
143,いどう
144,いとなむ
145,いどむ
146,いなびかり
147,いのり
148,いびき
149,いまさら
150,いまだ
151,いみん
152,いやいや
153,いやしい
154,いやに
155,いやらしい
156,いよく
157,いりょう
158,いりょく
159,いるい
160,いろん
161,いんかん
162,いんき
163,いんきょ
164,インターチェンジ
165,インターナショナル
166,インターフォン
167,インテリ
168,インフォメーション
169,インフレ
170,ウイルス
171,うかる
172,うけいれ
173,うけいれる
174,うけつぐ
175,うけつける
176,うけとめる
177,うけみ
178,うけもち
179,うごき
180,うず
181,うずめる
182,うそつき
183,うたたね
184,うちあける
185,うちきる
186,うちけし
187,うちこむ
188,うちわ
189,うちわけ
190,うつし
191,うったえ
192,うっとうしい
193,うつむく
194,うつろ
195,うつわ
196,うでまえ
197,うてん
198,うながす
199,うぬぼれ
200,うまる
201,うまれつき
202,うむ
203,うめこむ
204,うめぼし
205,うらがえし
206,うりだし
207,うりだす
208,うるおう
209,うわき
210,うわまわる
211,うわる
212,うんえい
213,うんざり
214,うんそう
215,うんちん
216,うんぬん
217,うんばん
218,うんめい
219,うんゆ
220,うんよう
221,え
222,エアメール
223,えい
224,えいじ
225,えいしゃ
226,えいせい
227,えいぞう
228,えいゆう
229,えき
230,えつらん
231,えもの
232,えり
233,エレガント
234,えん
235,えんかつ
236,えんがわ
237,えんがん
238,えんきょく
239,エンジニア
240,えんしゅつ
241,えんじる．ずる
242,えんせん
243,えんだん
244,えんぽう
245,えんまん
246,お
247,おいこむ
248,おいだす
249,おいる
250,おう
251,おうきゅう
252,おうごん
253,おうしん
254,おうぼ
255,おおかた
256,おおがら
257,オーケー
258,おおげさ
259,おおざっば
260,おおすじ
261,おおぞら
262,オートマチック／オートマティク
263,オーバーする
264,おおはば
265,オープン
266,おおまか
267,おおみず
268,おおやけ
269,おくびょう
270,おくらす
271,おくれ
272,おごそか
273,おこたる
274,おこない
275,おごる
276,おさまる
277,おさん
278,おしえ
279,おしきる
280,おしこむ
281,おしむ
282,おしよせる
283,おす
284,おせじ
285,おそう
286,おそくとも
287,おそれいる
288,おだてる
289,おちこむ
290,おちつき
291,おちば
292,おつ
293,おつかい
294,おっかない
295,おてあげ
296,おどおど
297,おどす
298,おとずれる
299,おとも
300,おとろえる
301,おどろき
302,おないどし
303,おのずから
304,おびえる
305,おびただしい
306,おびる
307,おふくろ
308,おぼえ
309,おまけ
310,おみや
311,おむつ
312,おもいつき
313,おもむき
314,おもむく
315,おもんじる・ずる
316,おやじ
317,および
318,およぶ
319,オリエンテーション
320,おりかえす
321,おりもの
322,おる
323,おれ
324,おろか
325,おろそか
326,おんぶ
327,オンライン
328,おんわ
329,が
330,が?
331,カーペット
332,がい
333,かいあく
334,かいうん
335,がいか
336,かいかく
337,かいがら
338,がいかん
339,かいきゅう
340,かいきょう
341,かいけん
342,かいご
343,かいさい
344,かいしゅう
345,かいしゅう
346,かいじゅう
347,かいじょ
348,がいしょう
349,がいする
350,がいせつ
351,かいそう
352,かいそう
353,かいたく
354,かいだん
355,かいてい
356,かいてい
357,ガイド
358,かいどう
359,がいとう
360,がいとう
361,ガイドブック
362,かいにゅう
363,がいねん
364,かいはつ
365,かいばつ
366,かいほう
367,かいぼう
368,がいよう
369,がいらい
370,かいらん
371,がいりゃく
372,かいりゅう
373,かいりょう
374,かいろ
375,かいろ
376,かえりみる
377,かおつき
378,かがい
379,かかげる
380,かかと
381,かきとる
382,かきまわす
383,かく
384,かく
385,かく
386,かく
387,かく
388,かく
389,がくげい
390,かくさ
391,かくさん
392,がくし
393,かくしゅ
394,かくしゅう
395,かくしん
396,かくしん
397,がくせつ
398,かくてい
399,カクテル
400,かくとく
401,がくふ
402,かくべつ
403,かくほ
404,かくめい
405,かくりつ
406,がくれき
407,かけ
408,かけ
409,がけ
410,かけ?
411,かけあし
412,かけい
413,かけっこ
414,かける
415,かける
416,かこう
417,かごう
418,かさばる
419,かさむ
420,かじょうがき
421,かしら
422,かすか
423,かすむ
424,かする
425,かせい
426,かせき
427,かせん
428,かせん
429,かそ
430,かた?
431,かだい
432,かたおもい
433,かたこと
434,かたづけ
435,かたむける
436,かためる
437,かたわら
438,かだん
439,かちく
440,かつ
441,かっき
442,がっくり
443,がっしょう
444,がっしり
445,がっち
446,がっちり
447,かって
448,かつて
449,カット
450,かっぱつ
451,がっぺい
452,カテゴリー
453,かなう
454,かなえる
455,かなづち
456,かなわない
457,かにゅう
458,かねて
459,かばう
460,かぶしき
461,かぶれる
462,かふん
463,かへい
464,かまえ
465,かまえる
466,かみ
467,かみきる
468,かみつ
469,カムバック
470,カメラマン
471,かゆ
472,からだつき
473,からむ
474,かり
475,かり
476,かり（に）
477,カルテ
478,ガレージ
479,かれる
480,かろう
481,かろうじて
482,かわす
483,かわるがわる
484,かん
485,かん
486,かん
487,がん
488,かんい
489,がんか
490,かんがい
491,がんきゅう
492,がんぐ
493,かんけつ
494,かんげん
495,かんご
496,かんご
497,がんこ
498,かんこう
499,かんこう
500,かんこく
501,かんさん
502,かんしゅう
503,かんしゅう
504,がんしょ
505,かんしょう
506,がんじょう
507,かんしょく
508,かんじん
509,かんせい
510,かんぜい
511,がんせき
512,かんせん
513,かんせん
514,かんそ
515,かんてん
516,かんど
517,カンニング
518,がんねん
519,かんぶ
520,かんぺき
521,かんべん
522,かんむりょう
523,かんゆう
524,かんよ
525,かんよう
526,かんよう
527,がんらい
528,かんらん
529,かんりょう
530,かんれい
531,かんれき
532,かんろく
533,かんわ
534,ぎあん
535,きがい
536,きかく
537,きかく
538,きかざる
539,きがね
540,きがる
541,きかん
542,きかん
543,きき
544,ききとり
545,ききめ
546,ききょう
547,ききょく
548,ききん
549,きげき
550,ぎけつ
551,きけん
552,きげん
553,きこう
554,きこん
555,きざ
556,きさい
557,きざし
558,きしつ
559,きじつ
560,ぎじどう
561,きしむ
562,きじゅつ
563,きしょう
564,きずく
565,きずつく
566,きずつける
567,きせい
568,ぎせい
569,きせん
570,きそう
571,きぞう
572,ぎぞう
573,きぞく
574,ぎだい
575,きたえる
576,きたる
577,きちっと
578,きちょうめん
579,きっかり
580,きっちり
581,きっぱり
582,きてい
583,きてん
584,きどう
585,ぎのう
586,きはん
587,きひん
588,きふう
589,きふく
590,きぼ
591,きまぐれ
592,きまじめ
593,きまつ
594,きまりわるい
595,きめい
596,きやく
597,きゃくしょく
598,ぎゃくてん
599,きゃくほん
600,きゃしゃ
601,きゃっかん
602,キャッチ
603,キャリア
604,きゅうえん
605,きゅうがく
606,きゅうきょく
607,きゅうくつ
608,きゅうこん
609,きゅうさい
610,きゅうじ
611,きゅうしょく
612,きゅうせん
613,きゅうち
614,きゅうでん
615,きゅうぼう
616,きゅうりょう
617,きよ
618,きょう
619,きょう
620,きょうい
621,きょうか
622,きょうかい
623,きょうがく
624,きょうかん
625,きょうぎ
626,きょうぐう
627,きょうくん
628,きょうこう
629,きょうこう
630,きょうざい
631,きょうさく
632,ぎょうしゃ
633,きょうじゅ
634,きょうしゅう
635,きょうしゅう
636,きょうしょく
637,きょうじる．ずる
638,きょうせい
639,ぎょうせい
640,ぎょうせき
641,きょうぞん
642,きょうち
643,きょうちょう
644,きょうてい
645,きょうど
646,きょうはく
647,ぎょうむ
648,きょうめい
649,きょうり
650,きょうれつ
651,きょうわ
652,きょくげん
653,きょくたん
654,きょじゅう
655,きょぜつ
656,ぎょせん
657,ぎょそん
658,きょひ
659,きょよう
660,きよらか
661,きらびやか
662,きり
663,きり
664,ぎり
665,きりかえる
666,きりゅう
667,きれめ
668,ぎわく
669,きわめて
670,きん
671,きんがん
672,きんきゅう
673,きんこう
674,きんこう
675,きんし
676,きんじる・ずる
677,きんべん
678,ぎんみ
679,きんむ
680,きんもつ
681,きんろう
682,く
683,クイズ
684,くいちがう
685,くうかん
686,くうふく
687,くかく
688,くかん
689,くき
690,くぎり
691,くぐる
692,くじ
693,くじびき
694,くすぐったい
695,ぐち
696,くちずさむ
697,くちばし
698,くちる
699,くつがえす
700,くっきり
701,くっせつ
702,ぐっと
703,くびかざり
704,くびわ
705,くみあわせる
706,くみこむ
707,くら
708,グレー
709,クレーン
710,くろうと
711,くろじ
712,ぐん
713,ぐんかん
714,ぐんじ
715,くんしゅ
716,ぐんしゅう
717,ぐんび
718,ぐんぷく
719,けい
720,けい
721,げい
722,けいい
723,けいか
724,けいかい
725,けいかい
726,けいき
727,けいぐ
728,けいげん
729,けいさい
730,けいしゃ
731,けいせい
732,けいせい
733,けいそつ
734,けいたい
735,けいたい
736,けいばつ
737,けいひ
738,けいぶ
739,けいべつ
740,けいれき
741,けいろ
742,ケース
743,けがらわしい
744,げきだん
745,げきれい
746,ゲスト
747,けだもの
748,けつ
749,けつい
750,けっかく
751,けっかん
752,けつぎ
753,けっこう
754,けつごう
755,けっさん
756,げっしゃ
757,けつじょ
758,けっしょう
759,けっしょう
760,けっせい
761,けっそく
762,げっそり
763,けつだん
764,げっぷ
765,けつぼう
766,けとばす
767,けなす
768,けむたい
769,けむる
770,けもの
771,けらい
772,げり
773,けん
774,けん
775,けんい
776,けんぎょう
777,げんけい
778,けんげん
779,げんこう
780,けんざい
781,げんさく
782,けんじ
783,げんし
784,げんしゅ
785,げんしょ
786,けんしょう
787,げんしょう
788,けんぜん
789,げんそ
790,げんぞう
791,げんそく
792,けんち
793,げんち
794,げんてい
795,げんてん
796,げんてん
797,げんてん
798,げんばく
799,げんぶん
800,げんみつ
801,けんめい
802,けんやく
803,げんゆ
804,けんよう
805,けんりょく
806,げんろん
807,こ?
808,ごい
809,こいする
810,こう
811,こう
812,こうい
813,こうい
814,ごうい
815,こうえき
816,こうえん
817,こうかい
818,こうかい
819,こうかい
820,こうがく
821,こうぎ
822,ごうぎ
823,こうきょ
824,こうきょう
825,こうぎょう
826,こうぎょう
827,こうげん
828,こうご
829,こうこうと
830,こうこがく
831,こうさく
832,こうさく
833,こうざん
834,こうしゅう
835,こうじゅつ
836,こうじょ
837,こうしょう
838,こうしょう
839,こうじょう
840,こうしん
841,こうしんりょう
842,こうすい
843,こうずい
844,ごうせい
845,こうぜん
846,こうそう
847,こうそう
848,こうそく
849,こうたい
850,こうたい
851,こうたく
852,こうだん
853,こうちょう
854,こうとう
855,こうどく
856,こうどく
857,こうにゅう
858,こうにん
859,こうねつひ
860,こうはい
861,こうばい
862,こうはん
863,こうひょう
864,こうふ
865,こうふん
866,こうぼ
867,こうみょう
868,こうよう
869,こうり
870,こうりつ
871,こうりつ
872,ごえい
873,コーナー
874,こがら
875,こぎって
876,ごく
877,こくさん
878,こくてい
879,こくど
880,こくはく
881,こくぼう
882,こくゆう
883,ごくらく
884,こくれん
885,こげちゃ
886,ごげん
887,ここ
888,ここち
889,こころえ
890,こころがけ
891,こころがける
892,こころざし
893,こころざす
894,こころづよい
895,こころぼそい
896,こころみ
897,こころみる
898,こころよい
899,ごさ
900,ございます。
901,こじ
902,こじれる
903,こじん
904,こす
905,こずえ
906,こせい
907,こせき
908,こぜに
909,こだい
910,こたつ
911,こだわる
912,こちょう
913,こつ
914,こっけい
915,こっこう
916,こっとうひん
917,こてい
918,ことがら
919,こどく
920,ことごとく
921,ことづて
922,ことに
923,ことによると
924,こなごな
925,このましい
926,ごばん
927,こべつ
928,コマーシャル
929,ごまかす
930,こまやか
931,コメント
932,こもる
933,こゆう
934,こよう
935,こよみ
936,こらす
937,ごらんなさい。
938,こりつ
939,こりる
940,こる
941,こんき
942,こんきょ
943,こんけつ
944,コンタクト（レンズ）
945,こんちゅう
946,こんてい
947,コンテスト
948,こんどう
949,コントラスト
950,コントロール
951,コンパス
952,こんぽん
953,さ
954,ざい
955,さいかい
956,さいがい
957,さいきん
958,さいく
959,さいくつ
960,サイクル
961,さいけつ
962,さいけん
963,さいげん
964,ざいげん
965,ざいこ
966,さいさん
967,さいしゅう
968,サイズ
969,さいせい
970,ざいせい
971,さいぜん
972,さいたく
973,さいばい
974,さいはつ
975,さいぼう
976,さいよう
977,さえぎる
978,さえずる
979,さえる
980,さお
981,さかえる
982,さがく
983,さかずき
984,さかだち
985,さぎ
986,さきに
987,さく
988,さく
989,さく
990,さくげん
991,さくご
992,さくせん
993,さけび
994,さける
995,ささげる
996,さしかかる
997,さしず
998,さしだす
999,さしつかえる
1000,さしひき
1001,さずける
1002,さする
1003,さぞ
1004,さだまる
1005,さだめる
1006,ざだんかい
1007,ざつ
1008,ざっか
1009,さっかく
1010,さつじん
1011,さっする
1012,ざつだん
1013,さっと
1014,さっぱりする
1015,さとる
1016,さなか
1017,さばく
1018,ざひょう
1019,さほど
1020,サボる
1021,さま
1022,さまよう
1023,さむけ
1024,さむさい
1025,さも
1026,さよう
1027,さらう
1028,さわる
1029,さん
1030,さんか
1031,さんがく
1032,さんぎいん
1033,サンキュー
1034,さんきゅう
1035,ざんきん
1036,さんご
1037,ざんこく
1038,さんしゅつ
1039,さんしょう
1040,さんじょう
1041,ざんだか
1042,サンタクロース
1043,さんちょう
1044,さんばし
1045,さんび
1046,さんぷく
1047,さんふじんか
1048,さんぶつ
1049,さんみゃく
1050,し
1051,し
1052,し
1053,じ
1054,じ
1055,しあがり
1056,しあげ
1057,しあげる
1058,しいく
1059,しいて
1060,シート
1061,ジーパン
1062,しいる
1063,しいれる
1064,しお
1065,しか
1066,じが
1067,しがい
1068,しかく
1069,しかく
1070,じかく
1071,しかけ
1072,しかける
1073,しかしながら
1074,しき
1075,じき
1076,じき
1077,しきさい
1078,しきじょう
1079,しきたり
1080,じぎょう
1081,しきる
1082,しきん
1083,じく
1084,しくじる
1085,しくみ
1086,しけい
1087,しける
1088,じこ
1089,しこう
1090,しこう
1091,しこう
1092,しこう
1093,しこう
1094,じこう
1095,じごく
1096,じこくひょう
1097,じさ
1098,じざい
1099,しさつ
1100,しさん
1101,しじ
1102,じじつ
1103,じしゅ
1104,じしゅ
1105,ししゅう
1106,しじょう
1107,じしょく
1108,しずく
1109,システム
1110,しずまる
1111,しずめる
1112,しせつ
1113,しそく
1114,じぞく
1115,じそんしん
1116,じたい
1117,じたい
1118,したう
1119,したごころ
1120,したじ
1121,したしむ
1122,したしらべ
1123,したてる
1124,したどり
1125,したび
1126,じつ
1127,じっか
1128,しっかく
1129,しつぎ
1130,しっきゃく
1131,じつぎょうか
1132,シック
1133,じっくり
1134,しつけ
1135,しつける
1136,じっしつ
1137,じつじょう
1138,じっせん
1139,しっそ
1140,じったい
1141,しっちょう
1142,しっと
1143,じっぴ
1144,してき
1145,してん
1146,じてん
1147,じどうし
1148,しとやか
1149,しなびる
1150,しなやか
1151,シナリオ
1152,しにょう
1153,じぬし
1154,しのぐ
1155,しば
1156,しはつ
1157,じびか
1158,しぶい
1159,しぶつ
1160,しぶとい
1161,しほう
1162,しぼう
1163,しぼう
1164,しまつ
1165,しみる
1166,しみる
1167,しめい
1168,じもと
1169,しや
1170,じゃく
1171,しゃこう
1172,しゃざい
1173,ジャズ
1174,しゃぜつ
1175,しゃたく
1176,じゃっかん
1177,しゃみせん
1178,しゃめん
1179,じゃり
1180,しゃれる
1181,ジャンパー
1182,ジャンプ
1183,ジャンボ
1184,ジャンル
1185,しゅ
1186,しゅ
1187,しゅう
1188,しゆう
1189,じゅう
1190,しゅうえき
1191,しゅうがく
1192,しゅうき
1193,しゅうぎいん
1194,しゅうぎょう
1195,じゅうぎょういん
1196,しゅうけい
1197,しゅうげき
1198,しゅうし
1199,しゅうし
1200,しゅうし
1201,じゅうじ
1202,しゅうじつ
1203,じゅうじつ
1204,しゅうしゅう
1205,しゅうしょく
1206,じゅうじろ
1207,じゅうなん
1208,じゅうふく
1209,しゅうよう
1210,じゅうらい
1211,しゅうりょう
1212,しゅえい
1213,しゅえん
1214,しゅかん
1215,しゅぎょう
1216,じゅく
1217,しゅくが
1218,しゅくめい
1219,しゅげい
1220,しゅけん
1221,しゅさい
1222,しゅざい
1223,しゅし
1224,しゅじゅ
1225,しゅしょく
1226,しゅじんこう
1227,しゅたい
1228,しゅだい
1229,しゅつえん
1230,しゅっけつ
1231,しゅつげん
1232,しゅっさん
1233,しゅっしゃ
1234,しゅっしょう／しゅっせい
1235,しゅっせ
1236,しゅつだい
1237,しゅつどう
1238,しゅっぴ
1239,しゅっぴん
1240,しゅどう
1241,しゅにん
1242,しゅのう
1243,しゅび
1244,しゅほう
1245,じゅもく
1246,じゅりつ
1247,じゅんきゅう
1248,じゅんじる・ずる
1249,しょ
1250,しょう
1251,しょう
1252,しよう
1253,しよう
1254,じょう
1255,じょう
1256,じょう
1257,じょうい
1258,じょうえん
1259,じょうか
1260,しょうがい
1261,しょうきょ
1262,じょうくう
1263,しょうげき
1264,しょうげん
1265,しょうこ
1266,しょうごう
1267,しょうさい
1268,じょうし
1269,じょうしょう
1270,しょうしん
1271,しょうする
1272,じょうせい
1273,しょうそく
1274,しょうたい
1275,しょうだく
1276,じょうちょ／じょうしょ
1277,しょうちょう
1278,しょうにか
1279,しょうにん
1280,しようにん
1281,じょうねつ
1282,じょうほ
1283,しょうめい
1284,じょうやく
1285,しょうり
1286,じょうりく
1287,じょうりゅう
1288,しょうれい
1289,ショー
1290,じょがい
1291,しょくいん
1292,しょくみんち
1293,しょくむ
1294,しょくん
1295,しょげん
1296,じょこう
1297,しょざい
1298,しょじ
1299,じょし
1300,じょし
1301,しょぞく
1302,しょち
1303,ショック
1304,しょっちゅう
1305,しょてい
1306,じょどうし
1307,しょとく
1308,しょばつ
1309,しょはん
1310,しょひょう
1311,しょぶん
1312,しょみん
1313,しょむ
1314,しょゆう
1315,しらべ
1316,じりつ
1317,しるす
1318,しれい
1319,しん
1320,じん
1321,しんか
1322,じんかく
1323,しんぎ
1324,しんこう
1325,しんこう
1326,しんこう
1327,しんこく
1328,しんこん
1329,しんさ
1330,じんざい
1331,しんし
1332,しんじつ
1333,しんじゃ
1334,しんじゅ
1335,しんじゅう
1336,しんしゅつ
1337,しんじょう
1338,しんじん
1339,しんせい
1340,しんぜん
1341,しんそう
1342,じんそく
1343,じんたい
1344,しんちく
1345,しんてい
1346,しんてん
1347,しんでん
1348,しんど
1349,しんどう
1350,しんにゅうせい
1351,しんにん
1352,しんねん
1353,しんぴ
1354,しんぼう
1355,じんみん
1356,しんり
1357,しんりゃく
1358,しんりょう
1359,しんろ
1360,すい
1361,すいげん
1362,すいしん
1363,すいせん
1364,すいそう
1365,すいそく
1366,すいでん
1367,すいり
1368,すうし
1369,すうはい
1370,すえつける
1371,すえる
1372,すがすがしい
1373,すくい
1374,すくう
1375,すこやか
1376,すすぐ
1377,すすみ
1378,すすめ
1379,すそ
1380,スタジオ
1381,すたれる
1382,スチーム
1383,スト
1384,ストライキ
1385,ストレス
1386,ストロー
1387,ストロボ
1388,すばしこい
1389,すばやい
1390,ずばり
1391,ずぶぬれ
1392,スプリング
1393,スペース
1394,スポーツカー
1395,すます
1396,すます
1397,すみやか
1398,スラックス
1399,ずらっと
1400,する
1401,ずるずる
1402,ずれ
1403,すれちがい
1404,すれる
1405,すんなり
1406,せい
1407,せいいく
1408,せいか
1409,せいかい
1410,せいき
1411,せいぎ
1412,せいけい
1413,せいけん
1414,せいこう
1415,せいざ
1416,せいさい
1417,せいさく
1418,せいさん
1419,せいし
1420,せいし
1421,せいじつ
1422,せいじゅく
1423,せいしゅん
1424,せいじゅん
1425,せいしょ
1426,せいじょう
1427,せいする
1428,せいぜん
1429,せいそう
1430,せいだい
1431,せいだく
1432,せいてい
1433,せいてき
1434,せいてつ
1435,せいてん
1436,せいとう
1437,せいねん
1438,せいふく
1439,せいふく
1440,せいほう
1441,せいみつ
1442,ぜいむしょ
1443,せいめい
1444,せいめい
1445,せいやく
1446,せいり
1447,せいりょく
1448,せいれつ
1449,セール
1450,せかす
1451,せがれ
1452,せきむ
1453,セクション
1454,せじ
1455,ぜせい
1456,せたい
1457,せだい
1458,せつ
1459,せっかい
1460,セックス
1461,せつじつ
1462,せっしょく
1463,せつぞくし
1464,せっち
1465,せっちゅう
1466,せってい
1467,せっとく
1468,せつない
1469,ぜっぱん
1470,ぜつぼう
1471,せつりつ
1472,せめ
1473,ゼリー
1474,セレモニー
1475,せろん
1476,せん
1477,ぜん
1478,ぜん
1479,せんい
1480,ぜんかい
1481,せんきょう
1482,せんげん
1483,せんこう
1484,せんこう
1485,せんさい
1486,せんしゅう
1487,せんじゅつ
1488,センス
1489,せんすい
1490,ぜんせい
1491,せんだい
1492,せんだって
1493,せんちゃく
1494,せんてい
1495,せんてんてき
1496,ぜんと
1497,せんとう
1498,せんにゅう
1499,せんぱく
1500,ぜんはん
1501,ぜんめつ
1502,せんよう
1503,せんりょう
1504,ぜんりょう
1505,せんりょく
1506,ぜんれい
1507,そう
1508,そう
1509,そうおう
1510,ぞうか
1511,そうかい
1512,そうかん
1513,ぞうき
1514,そうきゅう／さっきゅう
1515,ぞうきょう
1516,そうきん
1517,そうこう
1518,そうごう
1519,そうさ
1520,そうさく
1521,そうしつ
1522,そうじゅう
1523,ぞうしょう
1524,そうしょく
1525,ぞうしん
1526,そうぞう
1527,そうたい
1528,そうだい
1529,そうどう
1530,そうなん
1531,そうば
1532,そうび
1533,そうりつ
1534,そえる
1535,ソース
1536,そくざに
1537,そくしん
1538,そくする
1539,そくばく
1540,そくめん
1541,そこなう
1542,そこら
1543,そざい
1544,そし
1545,そしょう
1546,そだち
1547,そち
1548,ソックス
1549,そっけない
1550,そっぽ
1551,そなえつける
1552,そなわる
1553,そびえる
1554,そぼく
1555,そまる
1556,そむく
1557,そめる
1558,そらす
1559,そり
1560,そる
1561,それゆえ
1562,ソロ
1563,そろい
1564,ぞんざい
1565,そんしつ
1566,そんぞく
1567,ダース
1568,たい
1569,たい
1570,だいいち
1571,たいおう
1572,たいか
1573,たいか
1574,たいがい
1575,たいかく
1576,たいがく
1577,たいきん
1578,たいぐう
1579,たいけつ
1580,たいけん
1581,たいこう
1582,たいじ
1583,たいしゅう
1584,たいしょ
1585,たいしょく
1586,だいする
1587,たいせい
1588,たいだん
1589,だいたん
1590,たいとう
1591,タイトル
1592,だいなし
1593,たいのう
1594,たいひ
1595,タイピスト
1596,たいぶ
1597,だいべん
1598,だいべん
1599,たいぼう
1600,だいほん
1601,タイマー
1602,たいまん
1603,タイミング
1604,タイム
1605,タイムリー
1606,たいめん
1607,だいよう
1608,たいりょく
1609,タイル
1610,たいわ
1611,ダウン
1612,たえる
1613,たえる
1614,だかい
1615,たかまる
1616,たきび
1617,だきょう
1618,たくましい
1619,たくみ
1620,たけ
1621,だげき
1622,だけつ
1623,ださく
1624,たしざん
1625,たすうけつ
1626,たすけ
1627,たずさわる
1628,ただよう
1629,たちさる
1630,たちよる
1631,たつ
1632,だっこ
1633,たっしゃ
1634,だっしゅつ
1635,たっせい
1636,だったい
1637,だったら
1638,たて
1639,たてかえる
1640,たてまえ
1641,たてまつる
1642,だと
1643,たどうし
1644,たとえ
1645,たどりつく
1646,たどる
1647,たばねる
1648,だぶだぶ
1649,ダブル
1650,たほう
1651,たぼう
1652,たまう
1653,たましい
1654,たまり
1655,たまわる
1656,たもつ
1657,たやすい
1658,たよう
1659,だるい
1660,たるみ
1661,たるむ
1662,たれる
1663,タレント
1664,タワー
1665,たん
1666,たんいつ
1667,たんか
1668,たんか
1669,たんき
1670,だんけつ
1671,たんけん
1672,だんげん
1673,たんしゅく
1674,だんぜん
1675,たんそ
1676,たんだい
1677,たんちょう
1678,たんどく
1679,だんな
1680,たんぱ
1681,たんぱくしつ
1682,ダンプ
1683,だんめん
1684,だんりょく
1685,ちあん
1686,チームワーク
1687,チェンジ
1688,ちがえる
1689,ちくさん
1690,ちくしょう
1691,ちくせき
1692,ちけい
1693,ちせい
1694,ちち
1695,ちぢまる
1696,ちつじょ
1697,ちっそく
1698,ちてき
1699,チャイム
1700,ちゃくしゅ
1701,ちゃくしょく
1702,ちゃくせき
1703,ちゃくもく
1704,ちゃくりく
1705,ちゃっこう
1706,ちゃのま
1707,ちゃのゆ
1708,ちやほや
1709,チャンネル
1710,ちゅうがえり
1711,ちゅうけい
1712,ちゅうこく
1713,ちゅうじつ
1714,ちゅうしょう
1715,ちゅうすう
1716,ちゅうせん
1717,ちゅうだん
1718,ちゅうどく
1719,ちゅうふく
1720,ちゅうりつ
1721,ちゅうわ
1722,ちょ
1723,ちょう
1724,ちょう
1725,ちょう?
1726,ちょういん
1727,ちょうかく
1728,ちょうかん
1729,ちょうこう
1730,ちょうしゅう
1731,ちょうしんき
1732,ちょうせん
1733,ちょうてい
1734,ちょうふく
1735,ちょうへん
1736,ちょうほう
1737,ちょうり
1738,ちょうわ
1739,ちょくぜん
1740,ちょくちょく
1741,ちょくめん
1742,ちょしょ
1743,ちょちく
1744,ちょっかん
1745,ちょっけい
1746,ちょめい
1747,ちらっと
1748,ちり
1749,ちりとり
1750,ちりょう
1751,ちんぎん
1752,ちんでん
1753,ちんぼつ
1754,ちんもく
1755,ちんれつ
1756,ついきゅう
1757,ついせき
1758,ついほう
1759,ついやす
1760,ついらく
1761,つうかん
1762,つうじょう
1763,つうせつ
1764,つえ
1765,つかいみち
1766,つかえる
1767,つかさどる
1768,つかのま
1769,つきなみ
1770,つぎめ
